0,1,2,3,4,5,6,7,8,9,10,11,12,13,14
391.0,1.0,1.0,0.0,0.0,0.0,180.0,23.0,118.0,6.0,1.0,1.0,168.0,517.0,448.0
397.0,1.0,1.0,0.0,0.0,0.0,2.0,66.0,31.0,6.0,1.0,1.0,85.0,402.0,335.0
476.0,1.0,1.0,2.0,0.0,0.0,191.0,196.0,94.0,6.0,1.0,1.0,146.0,510.0,442.0
241.0,1.0,1.0,0.0,0.0,0.0,236.0,76.0,28.0,6.0,1.0,1.0,81.0,342.0,275.0
221.0,1.0,0.0,0.0,0.0,0.0,51.0,0.0,202.0,6.0,0.0,1.0,51.0,218.0,154.0
126.0,1.0,1.0,0.0,0.0,0.0,335.0,128.0,165.0,6.0,1.0,0.0,200.0,91.0,3.0
388.0,1.0,1.0,3.0,1.0,1.0,465.0,16.0,30.0,6.0,1.0,1.0,84.0,367.0,300.0
4.0,1.0,1.0,2.0,1.0,0.0,475.0,224.0,12.0,6.0,0.0,0.0,65.0,347.0,280.0
434.0,0.0,1.0,0.0,0.0,0.0,530.0,0.0,8.0,6.0,1.0,1.0,61.0,171.0,109.0
47.0,1.0,0.0,0.0,0.0,0.0,266.0,0.0,81.0,6.0,1.0,0.0,133.0,544.0,475.0
292.0,1.0,1.0,1.0,1.0,0.0,134.0,174.0,61.0,6.0,0.0,1.0,114.0,459.0,391.0
339.0,1.0,1.0,2.0,1.0,0.0,186.0,188.0,81.0,7.0,1.0,1.0,133.0,504.0,436.0
187.0,1.0,1.0,0.0,0.0,0.0,412.0,1.0,192.0,6.0,1.0,0.0,42.0,110.0,50.0
246.0,1.0,1.0,0.0,0.0,0.0,10.0,77.0,77.0,6.0,1.0,0.0,129.0,468.0,400.0
172.0,1.0,1.0,0.0,0.0,0.0,193.0,0.0,60.0,6.0,1.0,2.0,113.0,430.0,363.0
289.0,1.0,1.0,2.0,0.0,1.0,330.0,0.0,146.0,6.0,1.0,0.0,192.0,60.0,544.0
399.0,1.0,1.0,1.0,0.0,0.0,305.0,148.0,137.0,6.0,1.0,1.0,186.0,85.0,2.0
120.0,1.0,1.0,0.0,0.0,0.0,103.0,31.0,30.0,6.0,1.0,2.0,84.0,475.0,407.0
247.0,1.0,1.0,2.0,0.0,1.0,79.0,7.0,60.0,6.0,1.0,1.0,113.0,457.0,389.0
185.0,0.0,0.0,1.0,1.0,0.0,82.0,0.0,187.0,6.0,1.0,0.0,37.0,268.0,202.0
362.0,0.0,0.0,3.0,0.0,0.0,18.0,152.0,139.0,2.0,1.0,2.0,187.0,222.0,9.0
142.0,1.0,0.0,0.0,0.0,1.0,213.0,0.0,28.0,6.0,1.0,2.0,81.0,482.0,414.0
392.0,1.0,1.0,1.0,0.0,0.0,33.0,0.0,159.0,3.0,1.0,2.0,14.0,206.0,143.0
23.0,1.0,0.0,0.0,0.0,0.0,43.0,92.0,51.0,6.0,1.0,0.0,104.0,495.0,427.0
450.0,1.0,0.0,0.0,0.0,1.0,287.0,0.0,188.0,6.0,1.0,2.0,38.0,19.0,504.0
359.0,1.0,1.0,0.0,0.0,1.0,275.0,0.0,75.0,6.0,1.0,0.0,127.0,552.0,483.0
302.0,1.0,0.0,0.0,1.0,0.0,401.0,3.0,26.0,6.0,1.0,0.0,79.0,266.0,200.0
228.0,0.0,1.0,2.0,1.0,0.0,1.0,67.0,202.0,6.0,1.0,1.0,51.0,123.0,63.0
343.0,0.0,1.0,0.0,0.0,0.0,380.0,0.0,140.0,6.0,1.0,1.0,6.0,126.0,66.0
49.0,1.0,1.0,2.0,0.0,0.0,71.0,0.0,27.0,6.0,0.0,1.0,80.0,248.0,182.0
386.0,1.0,0.0,0.0,0.0,0.0,12.0,0.0,13.0,7.0,1.0,2.0,66.0,183.0,121.0
400.0,1.0,1.0,2.0,1.0,0.0,456.0,212.0,187.0,6.0,1.0,2.0,37.0,330.0,264.0
61.0,1.0,0.0,0.0,0.0,0.0,36.0,48.0,40.0,6.0,1.0,0.0,94.0,446.0,378.0
382.0,1.0,1.0,3.0,1.0,1.0,212.0,0.0,25.0,8.0,1.0,2.0,78.0,477.0,409.0
35.0,1.0,0.0,0.0,0.0,0.0,116.0,0.0,25.0,6.0,1.0,2.0,78.0,321.0,255.0
460.0,1.0,1.0,3.0,0.0,0.0,498.0,160.0,28.0,6.0,0.0,1.0,81.0,277.0,211.0
27.0,0.0,0.0,0.0,0.0,0.0,492.0,0.0,35.0,6.0,1.0,0.0,89.0,145.0,84.0
395.0,1.0,0.0,0.0,0.0,0.0,247.0,0.0,94.0,6.0,1.0,2.0,146.0,524.0,455.0
277.0,1.0,0.0,0.0,0.0,0.0,164.0,98.0,131.0,6.0,1.0,0.0,180.0,542.0,473.0
426.0,1.0,1.0,1.0,0.0,0.0,354.0,168.0,190.0,6.0,1.0,2.0,40.0,167.0,105.0
155.0,1.0,1.0,2.0,0.0,0.0,459.0,181.0,35.0,6.0,1.0,1.0,89.0,184.0,122.0
180.0,1.0,1.0,0.0,0.0,0.0,448.0,171.0,38.0,6.0,1.0,1.0,92.0,274.0,208.0
89.0,1.0,1.0,0.0,0.0,0.0,506.0,195.0,14.0,6.0,1.0,1.0,67.0,335.0,269.0
0.0,1.0,0.0,0.0,0.0,0.0,171.0,0.0,47.0,6.0,1.0,2.0,82.0,401.0,334.0
369.0,1.0,1.0,2.0,1.0,0.0,32.0,169.0,57.0,6.0,1.0,0.0,110.0,356.0,289.0
368.0,1.0,1.0,3.0,0.0,0.0,145.0,149.0,157.0,6.0,0.0,1.0,197.0,57.0,541.0
114.0,1.0,1.0,2.0,0.0,0.0,244.0,78.0,64.0,6.0,1.0,0.0,117.0,26.0,511.0
158.0,0.0,0.0,0.0,0.0,0.0,392.0,209.0,3.0,6.0,0.0,1.0,56.0,136.0,76.0
260.0,1.0,0.0,0.0,0.0,0.0,197.0,115.0,93.0,6.0,0.0,0.0,145.0,14.0,499.0
18.0,1.0,1.0,3.0,1.0,0.0,115.0,0.0,28.0,6.0,1.0,1.0,81.0,315.0,249.0
481.0,1.0,1.0,0.0,1.0,0.0,406.0,222.0,16.0,6.0,0.0,1.0,69.0,256.0,190.0
215.0,1.0,1.0,0.0,0.0,0.0,64.0,0.0,18.0,6.0,1.0,2.0,71.0,234.0,169.0
425.0,0.0,1.0,0.0,0.0,0.0,396.0,27.0,54.0,6.0,1.0,1.0,107.0,360.0,293.0
396.0,1.0,1.0,0.0,0.0,0.0,151.0,107.0,72.0,6.0,1.0,1.0,124.0,551.0,482.0
344.0,1.0,1.0,1.0,0.0,0.0,44.0,0.0,170.0,6.0,1.0,0.0,22.0,65.0,16.0
203.0,1.0,0.0,1.0,0.0,0.0,344.0,0.0,52.0,6.0,1.0,1.0,105.0,185.0,7.0
401.0,1.0,1.0,0.0,1.0,0.0,108.0,0.0,33.0,6.0,1.0,0.0,87.0,308.0,242.0
138.0,1.0,1.0,0.0,0.0,0.0,465.0,48.0,28.0,6.0,1.0,1.0,81.0,400.0,333.0
206.0,1.0,1.0,2.0,1.0,0.0,88.0,0.0,10.0,6.0,1.0,0.0,63.0,273.0,207.0
68.0,1.0,1.0,2.0,0.0,0.0,298.0,0.0,81.0,2.0,1.0,2.0,133.0,30.0,515.0
48.0,1.0,1.0,0.0,0.0,0.0,218.0,41.0,39.0,6.0,1.0,0.0,93.0,365.0,298.0
110.0,0.0,1.0,0.0,0.0,1.0,143.0,0.0,5.0,6.0,0.0,0.0,58.0,368.0,301.0
318.0,1.0,1.0,0.0,1.0,0.0,381.0,31.0,76.0,6.0,0.0,2.0,128.0,301.0,235.0
363.0,1.0,1.0,0.0,1.0,0.0,437.0,60.0,55.0,6.0,1.0,0.0,108.0,382.0,315.0
19.0,1.0,0.0,0.0,0.0,0.0,216.0,20.0,34.0,6.0,1.0,1.0,88.0,228.0,163.0
256.0,1.0,1.0,0.0,1.0,0.0,406.0,197.0,7.0,6.0,1.0,0.0,60.0,233.0,168.0
294.0,1.0,0.0,0.0,1.0,0.0,207.0,0.0,30.0,6.0,1.0,1.0,84.0,464.0,396.0
174.0,0.0,1.0,0.0,1.0,0.0,319.0,81.0,74.0,6.0,0.0,1.0,126.0,354.0,287.0
268.0,1.0,1.0,0.0,0.0,0.0,379.0,86.0,29.0,6.0,1.0,0.0,83.0,393.0,326.0
324.0,0.0,1.0,1.0,0.0,1.0,296.0,0.0,123.0,6.0,0.0,2.0,173.0,26.0,511.0
7.0,1.0,1.0,0.0,0.0,0.0,338.0,219.0,196.0,6.0,1.0,2.0,45.0,176.0,114.0
226.0,1.0,1.0,1.0,0.0,0.0,147.0,0.0,150.0,6.0,1.0,2.0,9.0,379.0,312.0
402.0,1.0,0.0,0.0,0.0,0.0,48.0,0.0,22.0,6.0,1.0,1.0,75.0,215.0,151.0
32.0,1.0,0.0,0.0,0.0,0.0,431.0,217.0,26.0,6.0,1.0,0.0,79.0,278.0,212.0
417.0,1.0,1.0,2.0,0.0,0.0,16.0,97.0,97.0,6.0,0.0,2.0,149.0,488.0,420.0
39.0,1.0,0.0,1.0,1.0,1.0,42.0,43.0,58.0,6.0,0.0,2.0,111.0,444.0,376.0
446.0,1.0,1.0,1.0,0.0,0.0,311.0,53.0,69.0,6.0,1.0,1.0,121.0,386.0,319.0
374.0,0.0,0.0,0.0,0.0,1.0,79.0,0.0,33.0,6.0,0.0,1.0,87.0,265.0,199.0
255.0,0.0,1.0,1.0,0.0,0.0,464.0,13.0,5.0,9.0,1.0,1.0,58.0,226.0,161.0
209.0,1.0,1.0,2.0,1.0,0.0,96.0,176.0,168.0,4.0,1.0,2.0,21.0,144.0,83.0
490.0,1.0,1.0,0.0,1.0,0.0,485.0,116.0,23.0,6.0,1.0,1.0,76.0,506.0,438.0
154.0,1.0,1.0,2.0,1.0,0.0,141.0,188.0,13.0,2.0,1.0,1.0,66.0,169.0,107.0
69.0,0.0,0.0,0.0,0.0,0.0,264.0,0.0,189.0,6.0,1.0,1.0,39.0,107.0,47.0
169.0,1.0,1.0,1.0,0.0,0.0,243.0,0.0,52.0,4.0,0.0,1.0,105.0,518.0,449.0
338.0,1.0,1.0,2.0,0.0,0.0,323.0,0.0,120.0,6.0,1.0,2.0,170.0,54.0,538.0
22.0,1.0,0.0,0.0,0.0,1.0,124.0,0.0,28.0,6.0,1.0,1.0,81.0,334.0,268.0
245.0,1.0,1.0,1.0,0.0,0.0,332.0,0.0,160.0,6.0,1.0,2.0,199.0,64.0,547.0
383.0,0.0,0.0,0.0,0.0,0.0,63.0,0.0,36.0,6.0,0.0,1.0,90.0,233.0,168.0
315.0,1.0,0.0,0.0,0.0,0.0,399.0,207.0,45.0,6.0,1.0,0.0,99.0,235.0,170.0
177.0,1.0,1.0,2.0,0.0,1.0,424.0,150.0,104.0,6.0,1.0,2.0,156.0,75.0,553.0
44.0,0.0,0.0,0.0,0.0,1.0,406.0,199.0,203.0,4.0,1.0,1.0,52.0,239.0,174.0
304.0,1.0,0.0,2.0,0.0,0.0,528.0,0.0,7.0,6.0,1.0,1.0,60.0,168.0,106.0
307.0,0.0,1.0,1.0,0.0,0.0,84.0,63.0,40.0,2.0,1.0,1.0,94.0,491.0,423.0
56.0,0.0,0.0,0.0,0.0,0.0,118.0,51.0,51.0,7.0,1.0,0.0,104.0,494.0,426.0
101.0,1.0,1.0,0.0,0.0,0.0,105.0,2.0,25.0,6.0,1.0,1.0,78.0,383.0,316.0
432.0,1.0,1.0,0.0,1.0,0.0,63.0,232.0,86.0,6.0,1.0,0.0,138.0,435.0,368.0
202.0,1.0,0.0,3.0,1.0,0.0,98.0,230.0,48.0,6.0,1.0,1.0,101.0,458.0,390.0
240.0,1.0,1.0,3.0,1.0,0.0,297.0,0.0,13.0,6.0,1.0,0.0,66.0,122.0,62.0
437.0,1.0,1.0,0.0,0.0,1.0,345.0,122.0,20.0,6.0,1.0,1.0,73.0,246.0,10.0
6.0,1.0,1.0,1.0,1.0,0.0,203.0,0.0,37.0,2.0,1.0,2.0,91.0,454.0,386.0
58.0,1.0,1.0,1.0,0.0,0.0,172.0,69.0,13.0,6.0,1.0,2.0,66.0,317.0,251.0
291.0,1.0,1.0,0.0,0.0,0.0,14.0,0.0,10.0,6.0,1.0,1.0,63.0,186.0,123.0
31.0,1.0,1.0,0.0,0.0,0.0,290.0,0.0,36.0,6.0,1.0,2.0,90.0,21.0,506.0
37.0,1.0,1.0,0.0,0.0,0.0,308.0,0.0,149.0,6.0,1.0,1.0,194.0,43.0,527.0
65.0,1.0,0.0,0.0,0.0,0.0,396.0,0.0,182.0,6.0,1.0,2.0,32.0,127.0,67.0
351.0,1.0,1.0,0.0,0.0,0.0,61.0,88.0,164.0,2.0,1.0,1.0,18.0,441.0,373.0
285.0,1.0,1.0,3.0,0.0,1.0,150.0,172.0,0.0,6.0,1.0,0.0,53.0,478.0,410.0
341.0,1.0,0.0,0.0,0.0,0.0,425.0,67.0,61.0,6.0,1.0,2.0,114.0,417.0,350.0
229.0,1.0,1.0,1.0,0.0,1.0,499.0,6.0,62.0,6.0,1.0,1.0,115.0,371.0,304.0
366.0,1.0,1.0,0.0,1.0,0.0,372.0,102.0,47.0,2.0,1.0,2.0,82.0,425.0,358.0
421.0,1.0,0.0,0.0,0.0,0.0,119.0,0.0,18.0,6.0,1.0,1.0,71.0,326.0,260.0
454.0,1.0,1.0,1.0,1.0,0.0,506.0,146.0,35.0,6.0,1.0,2.0,89.0,265.0,199.0
24.0,1.0,0.0,0.0,0.0,0.0,139.0,0.0,67.0,6.0,1.0,2.0,120.0,358.0,291.0
107.0,1.0,1.0,0.0,0.0,0.0,410.0,136.0,81.0,6.0,1.0,0.0,133.0,533.0,464.0
375.0,1.0,1.0,3.0,0.0,0.0,123.0,49.0,58.0,6.0,0.0,1.0,111.0,373.0,306.0
298.0,1.0,0.0,1.0,0.0,0.0,293.0,0.0,87.0,6.0,1.0,1.0,139.0,23.0,508.0
444.0,1.0,1.0,0.0,0.0,0.0,406.0,94.0,15.0,6.0,1.0,2.0,68.0,418.0,351.0
335.0,1.0,1.0,3.0,1.0,0.0,511.0,0.0,187.0,2.0,1.0,0.0,37.0,155.0,94.0
227.0,1.0,1.0,0.0,0.0,0.0,325.0,0.0,10.0,6.0,1.0,1.0,63.0,55.0,539.0
337.0,1.0,1.0,0.0,0.0,0.0,268.0,185.0,200.0,6.0,1.0,1.0,49.0,182.0,120.0
75.0,0.0,0.0,1.0,0.0,0.0,514.0,0.0,12.0,6.0,1.0,1.0,65.0,157.0,96.0
104.0,1.0,1.0,0.0,1.0,0.0,512.0,80.0,52.0,6.0,0.0,0.0,105.0,460.0,392.0
367.0,1.0,1.0,1.0,0.0,0.0,482.0,48.0,71.0,6.0,1.0,1.0,123.0,403.0,336.0
88.0,1.0,0.0,0.0,0.0,0.0,431.0,0.0,179.0,6.0,1.0,2.0,29.0,102.0,42.0
76.0,1.0,1.0,0.0,0.0,0.0,372.0,17.0,15.0,6.0,1.0,1.0,68.0,263.0,197.0
263.0,0.0,0.0,0.0,0.0,0.0,36.0,26.0,44.0,6.0,1.0,1.0,98.0,432.0,365.0
34.0,1.0,1.0,2.0,0.0,0.0,28.0,0.0,196.0,6.0,1.0,1.0,45.0,200.0,137.0
17.0,1.0,1.0,0.0,0.0,1.0,272.0,0.0,84.0,6.0,1.0,1.0,136.0,546.0,477.0
148.0,1.0,1.0,0.0,0.0,0.0,362.0,42.0,36.0,6.0,1.0,2.0,90.0,295.0,229.0
364.0,1.0,0.0,0.0,0.0,0.0,7.0,111.0,70.0,6.0,1.0,0.0,122.0,511.0,443.0
467.0,1.0,1.0,0.0,0.0,0.0,355.0,0.0,168.0,6.0,0.0,2.0,21.0,79.0,24.0
193.0,1.0,1.0,0.0,0.0,0.0,377.0,33.0,43.0,6.0,1.0,1.0,97.0,299.0,233.0
62.0,1.0,0.0,0.0,1.0,0.0,156.0,0.0,47.0,6.0,1.0,2.0,82.0,70.0,19.0
3.0,1.0,0.0,0.0,0.0,1.0,183.0,114.0,20.0,2.0,1.0,2.0,73.0,10.0,495.0
128.0,0.0,0.0,0.0,0.0,1.0,316.0,0.0,163.0,6.0,1.0,1.0,17.0,51.0,535.0
146.0,1.0,0.0,0.0,0.0,0.0,453.0,0.0,159.0,6.0,1.0,2.0,14.0,133.0,73.0
435.0,1.0,1.0,3.0,0.0,0.0,341.0,0.0,142.0,6.0,1.0,0.0,189.0,84.0,1.0
111.0,0.0,1.0,0.0,0.0,0.0,374.0,192.0,30.0,6.0,1.0,1.0,84.0,108.0,48.0
420.0,0.0,0.0,1.0,0.0,1.0,223.0,0.0,47.0,6.0,1.0,1.0,82.0,490.0,422.0
346.0,1.0,1.0,0.0,0.0,0.0,157.0,132.0,81.0,6.0,1.0,1.0,133.0,24.0,509.0
349.0,1.0,1.0,0.0,0.0,0.0,480.0,19.0,35.0,6.0,1.0,0.0,89.0,375.0,308.0
87.0,1.0,0.0,0.0,0.0,0.0,497.0,0.0,202.0,6.0,1.0,1.0,51.0,109.0,49.0
471.0,1.0,0.0,0.0,0.0,0.0,26.0,59.0,44.0,6.0,1.0,1.0,98.0,392.0,325.0
279.0,0.0,0.0,0.0,0.0,0.0,508.0,0.0,184.0,6.0,0.0,2.0,34.0,154.0,93.0
119.0,0.0,0.0,1.0,0.0,0.0,101.0,0.0,187.0,6.0,1.0,1.0,37.0,287.0,221.0
12.0,0.0,0.0,3.0,0.0,0.0,237.0,0.0,113.0,6.0,1.0,0.0,164.0,120.0,60.0
182.0,1.0,1.0,0.0,0.0,0.0,469.0,200.0,0.0,6.0,1.0,2.0,53.0,156.0,95.0
348.0,0.0,0.0,0.0,1.0,0.0,334.0,0.0,177.0,6.0,1.0,1.0,28.0,76.0,21.0
441.0,1.0,0.0,0.0,1.0,0.0,107.0,0.0,154.0,6.0,1.0,0.0,13.0,307.0,241.0
84.0,0.0,1.0,0.0,0.0,0.0,65.0,44.0,10.0,6.0,1.0,2.0,63.0,465.0,397.0
306.0,1.0,1.0,3.0,0.0,0.0,201.0,0.0,57.0,2.0,1.0,0.0,110.0,442.0,374.0
141.0,1.0,0.0,0.0,0.0,0.0,176.0,109.0,126.0,6.0,1.0,1.0,176.0,4.0,489.0
403.0,1.0,0.0,0.0,1.0,0.0,529.0,0.0,110.0,1.0,1.0,1.0,2.0,170.0,108.0
412.0,1.0,1.0,1.0,0.0,0.0,200.0,142.0,75.0,6.0,0.0,2.0,127.0,39.0,524.0
97.0,0.0,0.0,0.0,0.0,0.0,370.0,0.0,152.0,6.0,1.0,0.0,11.0,83.0,27.0
95.0,0.0,0.0,3.0,1.0,0.0,509.0,0.0,47.0,6.0,0.0,2.0,82.0,63.0,15.0
78.0,1.0,1.0,3.0,0.0,0.0,66.0,112.0,24.0,6.0,1.0,1.0,77.0,258.0,192.0
262.0,1.0,1.0,2.0,0.0,1.0,139.0,108.0,119.0,6.0,1.0,2.0,169.0,547.0,478.0
213.0,0.0,0.0,0.0,0.0,0.0,487.0,0.0,193.0,6.0,1.0,2.0,43.0,143.0,82.0
59.0,0.0,0.0,0.0,0.0,0.0,118.0,0.0,32.0,6.0,1.0,0.0,86.0,323.0,257.0
316.0,1.0,1.0,1.0,1.0,0.0,391.0,37.0,47.0,6.0,1.0,0.0,82.0,305.0,239.0
284.0,1.0,0.0,0.0,0.0,0.0,395.0,0.0,163.0,6.0,1.0,1.0,17.0,92.0,33.0
157.0,1.0,0.0,1.0,1.0,0.0,521.0,0.0,0.0,3.0,1.0,2.0,53.0,165.0,103.0
250.0,0.0,1.0,0.0,0.0,0.0,414.0,91.0,20.0,6.0,0.0,2.0,73.0,413.0,346.0
354.0,1.0,1.0,0.0,0.0,0.0,23.0,85.0,42.0,2.0,1.0,0.0,96.0,481.0,413.0
266.0,1.0,1.0,1.0,1.0,0.0,40.0,129.0,38.0,6.0,1.0,0.0,92.0,540.0,471.0
16.0,1.0,1.0,0.0,1.0,0.0,404.0,34.0,20.0,6.0,1.0,2.0,73.0,318.0,252.0
93.0,1.0,1.0,1.0,0.0,0.0,131.0,225.0,60.0,6.0,1.0,0.0,113.0,405.0,338.0
210.0,1.0,1.0,0.0,0.0,0.0,387.0,47.0,196.0,2.0,0.0,0.0,45.0,320.0,254.0
132.0,0.0,0.0,0.0,0.0,0.0,428.0,177.0,10.0,6.0,1.0,2.0,63.0,223.0,158.0
276.0,1.0,1.0,0.0,0.0,0.0,251.0,137.0,177.0,2.0,1.0,1.0,28.0,531.0,462.0
70.0,1.0,0.0,0.0,1.0,0.0,455.0,40.0,11.0,6.0,1.0,1.0,64.0,352.0,285.0
474.0,1.0,1.0,0.0,0.0,0.0,451.0,0.0,69.0,6.0,1.0,0.0,121.0,132.0,72.0
29.0,1.0,1.0,0.0,0.0,0.0,430.0,25.0,22.0,6.0,1.0,1.0,75.0,327.0,261.0
197.0,1.0,0.0,0.0,0.0,1.0,280.0,0.0,81.0,6.0,0.0,2.0,133.0,12.0,497.0
21.0,0.0,0.0,0.0,0.0,0.0,215.0,0.0,20.0,6.0,1.0,0.0,73.0,483.0,415.0
275.0,0.0,1.0,0.0,1.0,0.0,83.0,191.0,0.0,6.0,1.0,1.0,53.0,161.0,99.0
477.0,1.0,0.0,0.0,0.0,1.0,200.0,0.0,88.0,6.0,1.0,0.0,140.0,439.0,371.0
140.0,0.0,1.0,0.0,0.0,0.0,533.0,177.0,44.0,6.0,1.0,1.0,98.0,333.0,267.0
179.0,1.0,1.0,1.0,0.0,0.0,271.0,0.0,81.0,6.0,1.0,2.0,133.0,545.0,476.0
484.0,0.0,0.0,0.0,0.0,1.0,502.0,0.0,22.0,6.0,1.0,2.0,75.0,150.0,89.0
350.0,1.0,0.0,0.0,0.0,0.0,103.0,0.0,198.0,6.0,1.0,1.0,47.0,295.0,229.0
357.0,1.0,1.0,0.0,0.0,0.0,505.0,227.0,16.0,6.0,1.0,0.0,69.0,362.0,295.0
278.0,1.0,1.0,3.0,0.0,0.0,503.0,89.0,50.0,6.0,1.0,0.0,103.0,470.0,402.0
269.0,1.0,1.0,0.0,0.0,0.0,339.0,138.0,155.0,6.0,1.0,2.0,195.0,99.0,4.0
445.0,1.0,0.0,0.0,0.0,0.0,54.0,0.0,20.0,6.0,1.0,0.0,73.0,220.0,156.0
281.0,1.0,1.0,0.0,1.0,0.0,205.0,209.0,23.0,6.0,0.0,1.0,76.0,306.0,240.0
92.0,1.0,1.0,0.0,0.0,1.0,144.0,117.0,177.0,6.0,1.0,1.0,28.0,553.0,484.0
353.0,1.0,0.0,3.0,0.0,1.0,260.0,0.0,125.0,6.0,1.0,1.0,175.0,541.0,472.0
286.0,1.0,1.0,2.0,0.0,1.0,239.0,140.0,155.0,6.0,1.0,0.0,195.0,48.0,532.0
381.0,1.0,1.0,1.0,0.0,0.0,285.0,0.0,132.0,6.0,1.0,2.0,181.0,15.0,500.0
85.0,0.0,0.0,0.0,0.0,0.0,395.0,0.0,176.0,6.0,1.0,2.0,27.0,92.0,33.0
290.0,1.0,0.0,0.0,0.0,0.0,356.0,0.0,172.0,7.0,0.0,1.0,24.0,80.0,25.0
91.0,1.0,1.0,1.0,0.0,1.0,274.0,213.0,77.0,2.0,1.0,2.0,129.0,28.0,513.0
224.0,1.0,1.0,1.0,0.0,0.0,279.0,161.0,21.0,6.0,0.0,1.0,74.0,245.0,180.0
67.0,1.0,1.0,2.0,1.0,0.0,230.0,0.0,79.0,6.0,1.0,0.0,131.0,500.0,432.0
443.0,1.0,0.0,0.0,0.0,0.0,22.0,0.0,184.0,6.0,1.0,1.0,34.0,196.0,133.0
135.0,1.0,0.0,0.0,0.0,0.0,256.0,0.0,108.0,6.0,1.0,2.0,160.0,536.0,467.0
116.0,1.0,1.0,1.0,0.0,0.0,27.0,0.0,176.0,6.0,1.0,2.0,27.0,199.0,136.0
204.0,1.0,1.0,0.0,0.0,0.0,219.0,145.0,72.0,4.0,1.0,0.0,124.0,50.0,534.0
264.0,0.0,0.0,0.0,0.0,0.0,363.0,0.0,0.0,6.0,1.0,1.0,53.0,125.0,65.0
296.0,1.0,1.0,3.0,0.0,0.0,59.0,0.0,0.0,6.0,1.0,2.0,53.0,230.0,165.0
413.0,1.0,1.0,0.0,0.0,0.0,88.0,96.0,47.0,6.0,1.0,1.0,82.0,516.0,447.0
163.0,0.0,0.0,0.0,0.0,1.0,221.0,0.0,86.0,6.0,1.0,0.0,138.0,489.0,421.0
385.0,1.0,1.0,3.0,0.0,1.0,132.0,205.0,81.0,6.0,1.0,1.0,133.0,474.0,406.0
196.0,1.0,0.0,0.0,0.0,0.0,69.0,216.0,159.0,6.0,1.0,1.0,14.0,187.0,124.0
352.0,1.0,1.0,2.0,0.0,1.0,180.0,0.0,90.0,3.0,1.0,1.0,142.0,408.0,341.0
427.0,0.0,0.0,0.0,0.0,0.0,278.0,0.0,115.0,6.0,1.0,2.0,166.0,11.0,496.0
159.0,1.0,1.0,2.0,1.0,0.0,436.0,0.0,151.0,2.0,0.0,2.0,10.0,103.0,43.0
183.0,1.0,1.0,1.0,0.0,0.0,217.0,195.0,10.0,6.0,0.0,2.0,63.0,534.0,465.0
258.0,1.0,1.0,0.0,0.0,0.0,87.0,64.0,11.0,0.0,1.0,2.0,64.0,492.0,424.0
459.0,1.0,0.0,0.0,1.0,0.0,30.0,50.0,163.0,6.0,1.0,0.0,17.0,447.0,379.0
100.0,1.0,1.0,2.0,0.0,0.0,404.0,30.0,25.0,6.0,1.0,0.0,78.0,311.0,245.0
121.0,1.0,0.0,0.0,0.0,1.0,208.0,0.0,41.0,6.0,1.0,0.0,95.0,467.0,399.0
109.0,1.0,1.0,3.0,0.0,0.0,418.0,7.0,199.0,6.0,1.0,0.0,48.0,294.0,228.0
288.0,1.0,0.0,0.0,0.0,0.0,90.0,8.0,47.0,6.0,1.0,1.0,82.0,462.0,394.0
387.0,1.0,1.0,2.0,0.0,0.0,38.0,183.0,67.0,6.0,1.0,2.0,120.0,372.0,305.0
150.0,1.0,0.0,3.0,0.0,0.0,257.0,0.0,79.0,6.0,1.0,0.0,131.0,537.0,468.0
127.0,1.0,1.0,0.0,0.0,0.0,494.0,165.0,0.0,6.0,0.0,2.0,53.0,124.0,64.0
13.0,1.0,1.0,2.0,1.0,0.0,55.0,174.0,29.0,6.0,1.0,0.0,83.0,378.0,311.0
10.0,1.0,1.0,1.0,1.0,0.0,417.0,139.0,121.0,2.0,1.0,1.0,171.0,550.0,481.0
60.0,1.0,1.0,1.0,0.0,0.0,122.0,210.0,200.0,6.0,1.0,2.0,49.0,147.0,86.0
162.0,0.0,0.0,0.0,1.0,0.0,110.0,0.0,161.0,6.0,1.0,1.0,15.0,69.0,18.0
373.0,1.0,1.0,2.0,1.0,0.0,471.0,65.0,44.0,6.0,1.0,2.0,98.0,427.0,360.0
418.0,0.0,1.0,0.0,0.0,0.0,474.0,31.0,39.0,6.0,1.0,1.0,93.0,345.0,278.0
122.0,1.0,0.0,0.0,1.0,0.0,190.0,0.0,33.0,6.0,1.0,0.0,87.0,427.0,360.0
133.0,1.0,1.0,0.0,0.0,0.0,104.0,24.0,20.0,2.0,1.0,2.0,73.0,389.0,322.0
329.0,1.0,0.0,0.0,1.0,1.0,162.0,0.0,32.0,6.0,1.0,1.0,86.0,397.0,330.0
20.0,0.0,0.0,1.0,0.0,0.0,504.0,0.0,55.0,5.0,1.0,1.0,108.0,152.0,91.0
347.0,1.0,1.0,0.0,0.0,0.0,360.0,182.0,4.0,6.0,1.0,2.0,57.0,192.0,129.0
55.0,0.0,1.0,1.0,0.0,0.0,89.0,0.0,35.0,6.0,1.0,2.0,89.0,275.0,209.0
113.0,1.0,0.0,0.0,0.0,0.0,196.0,0.0,18.0,6.0,0.0,0.0,71.0,433.0,366.0
25.0,1.0,1.0,2.0,0.0,0.0,100.0,167.0,50.0,6.0,1.0,1.0,103.0,415.0,348.0
295.0,1.0,1.0,0.0,0.0,0.0,318.0,130.0,97.0,6.0,1.0,0.0,149.0,448.0,380.0
309.0,0.0,0.0,1.0,0.0,0.0,531.0,0.0,199.0,6.0,1.0,1.0,48.0,172.0,110.0
152.0,1.0,0.0,0.0,0.0,0.0,51.0,141.0,78.0,6.0,1.0,2.0,130.0,25.0,510.0
207.0,1.0,1.0,0.0,0.0,0.0,513.0,166.0,163.0,6.0,1.0,0.0,17.0,312.0,246.0
64.0,0.0,0.0,0.0,0.0,0.0,372.0,218.0,4.0,6.0,0.0,2.0,57.0,227.0,162.0
449.0,0.0,1.0,0.0,0.0,0.0,490.0,61.0,13.0,6.0,1.0,1.0,66.0,428.0,361.0
239.0,0.0,0.0,0.0,1.0,0.0,67.0,0.0,54.0,6.0,1.0,0.0,107.0,243.0,178.0
125.0,1.0,0.0,0.0,0.0,0.0,121.0,0.0,24.0,6.0,0.0,0.0,77.0,332.0,266.0
79.0,0.0,1.0,2.0,0.0,0.0,310.0,0.0,177.0,6.0,1.0,2.0,28.0,44.0,528.0
244.0,1.0,0.0,2.0,0.0,0.0,516.0,0.0,186.0,6.0,0.0,0.0,36.0,158.0,97.0
310.0,0.0,1.0,0.0,1.0,0.0,85.0,214.0,2.0,6.0,1.0,1.0,55.0,177.0,115.0
90.0,1.0,1.0,1.0,0.0,0.0,409.0,173.0,127.0,6.0,1.0,2.0,4.0,112.0,52.0
194.0,1.0,0.0,0.0,0.0,0.0,12.0,0.0,0.0,6.0,1.0,2.0,53.0,183.0,121.0
106.0,1.0,1.0,0.0,0.0,0.0,198.0,118.0,115.0,6.0,1.0,1.0,166.0,18.0,503.0
82.0,1.0,1.0,1.0,0.0,1.0,253.0,123.0,143.0,6.0,0.0,0.0,190.0,38.0,523.0
165.0,0.0,0.0,0.0,0.0,0.0,76.0,0.0,15.0,6.0,1.0,1.0,68.0,260.0,194.0
431.0,1.0,1.0,2.0,0.0,0.0,522.0,0.0,187.0,6.0,1.0,1.0,37.0,111.0,51.0
280.0,0.0,1.0,2.0,0.0,0.0,187.0,189.0,13.0,7.0,1.0,1.0,66.0,173.0,111.0
405.0,0.0,1.0,0.0,0.0,0.0,389.0,28.0,37.0,6.0,1.0,1.0,91.0,300.0,234.0
57.0,1.0,1.0,0.0,0.0,0.0,421.0,234.0,22.0,6.0,1.0,1.0,75.0,290.0,224.0
485.0,1.0,1.0,1.0,0.0,0.0,462.0,0.0,200.0,6.0,1.0,1.0,49.0,137.0,77.0
319.0,1.0,1.0,0.0,0.0,0.0,520.0,110.0,32.0,2.0,0.0,0.0,86.0,507.0,439.0
406.0,1.0,1.0,0.0,0.0,0.0,125.0,57.0,159.0,6.0,1.0,1.0,14.0,113.0,53.0
129.0,1.0,1.0,2.0,0.0,0.0,128.0,0.0,55.0,6.0,1.0,1.0,108.0,338.0,271.0
81.0,1.0,1.0,3.0,0.0,0.0,315.0,0.0,128.0,6.0,1.0,0.0,177.0,47.0,531.0
38.0,0.0,1.0,0.0,1.0,0.0,45.0,0.0,24.0,6.0,1.0,0.0,77.0,212.0,148.0
51.0,0.0,0.0,0.0,0.0,0.0,139.0,0.0,43.0,7.0,0.0,2.0,97.0,358.0,291.0
253.0,0.0,0.0,0.0,1.0,1.0,327.0,0.0,99.0,6.0,1.0,1.0,151.0,59.0,543.0
430.0,0.0,0.0,0.0,0.0,0.0,284.0,147.0,37.0,6.0,0.0,1.0,91.0,20.0,505.0
423.0,1.0,1.0,1.0,0.0,0.0,343.0,0.0,117.0,6.0,1.0,1.0,167.0,141.0,5.0
453.0,1.0,1.0,3.0,1.0,0.0,34.0,0.0,47.0,2.0,1.0,2.0,82.0,207.0,144.0
80.0,0.0,0.0,0.0,0.0,0.0,380.0,70.0,32.0,6.0,1.0,0.0,86.0,421.0,354.0
5.0,1.0,1.0,2.0,0.0,0.0,273.0,0.0,12.0,6.0,1.0,2.0,65.0,548.0,479.0
192.0,1.0,0.0,0.0,0.0,0.0,306.0,0.0,147.0,6.0,1.0,1.0,193.0,35.0,520.0
181.0,1.0,1.0,0.0,0.0,0.0,168.0,0.0,38.0,6.0,1.0,0.0,92.0,399.0,332.0
254.0,1.0,1.0,0.0,0.0,0.0,525.0,15.0,19.0,6.0,0.0,0.0,72.0,391.0,324.0
184.0,1.0,1.0,0.0,0.0,0.0,312.0,0.0,200.0,6.0,1.0,1.0,49.0,45.0,529.0
308.0,0.0,0.0,0.0,0.0,0.0,304.0,0.0,203.0,6.0,0.0,1.0,52.0,74.0,20.0
161.0,1.0,0.0,0.0,0.0,0.0,395.0,150.0,3.0,6.0,1.0,1.0,56.0,81.0,0.0
433.0,0.0,0.0,0.0,0.0,0.0,9.0,0.0,197.0,6.0,1.0,0.0,46.0,179.0,117.0
314.0,1.0,0.0,0.0,1.0,0.0,473.0,0.0,186.0,5.0,1.0,1.0,36.0,140.0,80.0
327.0,0.0,1.0,1.0,0.0,1.0,333.0,0.0,169.0,6.0,1.0,1.0,201.0,67.0,549.0
472.0,1.0,1.0,0.0,0.0,0.0,226.0,79.0,72.0,6.0,1.0,1.0,124.0,525.0,456.0
98.0,1.0,1.0,1.0,1.0,0.0,77.0,158.0,58.0,6.0,1.0,2.0,111.0,395.0,328.0
311.0,1.0,1.0,2.0,0.0,0.0,86.0,0.0,34.0,6.0,1.0,2.0,88.0,270.0,204.0
466.0,0.0,1.0,2.0,0.0,0.0,60.0,38.0,27.0,6.0,1.0,1.0,80.0,457.0,389.0
436.0,1.0,1.0,0.0,0.0,0.0,185.0,52.0,77.0,6.0,1.0,0.0,129.0,527.0,458.0
320.0,1.0,1.0,1.0,0.0,0.0,140.0,113.0,116.0,6.0,1.0,1.0,3.0,446.0,378.0
167.0,0.0,0.0,0.0,1.0,0.0,352.0,0.0,175.0,6.0,1.0,0.0,26.0,78.0,23.0
220.0,0.0,0.0,1.0,1.0,0.0,129.0,0.0,32.0,6.0,1.0,1.0,86.0,339.0,272.0
322.0,1.0,1.0,3.0,0.0,1.0,277.0,0.0,117.0,6.0,1.0,1.0,167.0,3.0,488.0
170.0,1.0,1.0,3.0,0.0,0.0,347.0,0.0,141.0,6.0,0.0,0.0,188.0,515.0,13.0
261.0,0.0,0.0,0.0,0.0,0.0,154.0,99.0,13.0,7.0,1.0,0.0,66.0,240.0,175.0
175.0,0.0,0.0,1.0,0.0,0.0,406.0,0.0,60.0,6.0,1.0,2.0,113.0,94.0,35.0
145.0,1.0,0.0,0.0,1.0,0.0,364.0,186.0,32.0,6.0,1.0,1.0,86.0,204.0,141.0
355.0,1.0,1.0,0.0,0.0,1.0,320.0,0.0,117.0,6.0,1.0,2.0,167.0,52.0,536.0
52.0,1.0,1.0,0.0,0.0,0.0,371.0,87.0,70.0,6.0,1.0,1.0,122.0,387.0,320.0
26.0,1.0,1.0,3.0,0.0,0.0,65.0,211.0,60.0,6.0,0.0,2.0,113.0,419.0,352.0
236.0,1.0,1.0,2.0,0.0,0.0,432.0,220.0,32.0,6.0,0.0,1.0,86.0,293.0,227.0
189.0,1.0,0.0,0.0,1.0,0.0,423.0,0.0,168.0,2.0,1.0,2.0,21.0,95.0,36.0
419.0,1.0,1.0,0.0,1.0,0.0,517.0,106.0,52.0,6.0,0.0,0.0,105.0,501.0,433.0
390.0,1.0,0.0,0.0,1.0,0.0,362.0,175.0,2.0,7.0,0.0,2.0,55.0,188.0,125.0
372.0,1.0,1.0,2.0,0.0,0.0,227.0,0.0,81.0,6.0,1.0,2.0,133.0,498.0,430.0
317.0,1.0,1.0,1.0,0.0,0.0,465.0,82.0,58.0,6.0,1.0,2.0,111.0,452.0,384.0
222.0,1.0,0.0,0.0,0.0,0.0,180.0,0.0,40.0,6.0,1.0,0.0,94.0,408.0,341.0
131.0,1.0,0.0,1.0,0.0,0.0,149.0,229.0,11.0,2.0,0.0,2.0,64.0,325.0,259.0
72.0,1.0,1.0,0.0,0.0,0.0,382.0,215.0,59.0,6.0,1.0,0.0,112.0,238.0,173.0
124.0,1.0,1.0,0.0,0.0,1.0,403.0,100.0,52.0,6.0,1.0,0.0,105.0,437.0,370.0
270.0,1.0,0.0,0.0,0.0,0.0,518.0,0.0,200.0,6.0,1.0,2.0,49.0,162.0,100.0
482.0,0.0,0.0,0.0,0.0,0.0,244.0,0.0,122.0,6.0,1.0,1.0,172.0,520.0,451.0
63.0,0.0,0.0,0.0,0.0,0.0,13.0,194.0,35.0,6.0,1.0,0.0,89.0,359.0,292.0
199.0,1.0,1.0,0.0,0.0,0.0,233.0,213.0,75.0,6.0,1.0,0.0,127.0,549.0,480.0
235.0,1.0,1.0,0.0,0.0,0.0,258.0,0.0,183.0,2.0,1.0,2.0,33.0,538.0,469.0
74.0,1.0,1.0,0.0,0.0,0.0,202.0,12.0,193.0,6.0,1.0,2.0,43.0,221.0,157.0
480.0,0.0,1.0,0.0,0.0,0.0,79.0,0.0,189.0,6.0,1.0,0.0,39.0,265.0,199.0
171.0,0.0,0.0,1.0,1.0,1.0,25.0,0.0,171.0,6.0,1.0,1.0,23.0,198.0,135.0
448.0,0.0,0.0,0.0,1.0,0.0,57.0,36.0,20.0,6.0,1.0,2.0,73.0,229.0,164.0
356.0,1.0,1.0,2.0,1.0,1.0,199.0,68.0,81.0,6.0,1.0,0.0,133.0,487.0,419.0
15.0,1.0,1.0,0.0,0.0,0.0,309.0,9.0,129.0,6.0,1.0,0.0,178.0,56.0,540.0
479.0,1.0,0.0,0.0,1.0,0.0,439.0,54.0,20.0,6.0,1.0,0.0,73.0,396.0,329.0
422.0,1.0,1.0,1.0,0.0,0.0,308.0,0.0,79.0,2.0,1.0,0.0,131.0,43.0,527.0
428.0,1.0,1.0,0.0,0.0,0.0,148.0,55.0,75.0,6.0,1.0,0.0,127.0,521.0,452.0
249.0,1.0,0.0,0.0,1.0,0.0,422.0,58.0,200.0,6.0,1.0,1.0,49.0,363.0,296.0
134.0,1.0,1.0,3.0,0.0,0.0,254.0,125.0,30.0,6.0,1.0,0.0,84.0,40.0,525.0
143.0,1.0,1.0,2.0,0.0,0.0,78.0,0.0,0.0,6.0,1.0,2.0,53.0,262.0,196.0
473.0,1.0,1.0,0.0,0.0,0.0,191.0,0.0,28.0,6.0,1.0,1.0,81.0,429.0,362.0
342.0,1.0,0.0,0.0,0.0,0.0,523.0,151.0,196.0,6.0,1.0,2.0,45.0,160.0,6.0
231.0,1.0,1.0,3.0,0.0,0.0,92.0,0.0,0.0,6.0,1.0,1.0,53.0,279.0,213.0
105.0,1.0,1.0,2.0,1.0,0.0,237.0,18.0,26.0,6.0,1.0,2.0,79.0,344.0,277.0
223.0,1.0,0.0,0.0,0.0,0.0,24.0,190.0,47.0,6.0,1.0,0.0,82.0,370.0,303.0
365.0,0.0,1.0,1.0,0.0,0.0,301.0,0.0,158.0,6.0,1.0,1.0,198.0,32.0,517.0
205.0,1.0,1.0,1.0,0.0,1.0,503.0,156.0,30.0,6.0,1.0,0.0,84.0,276.0,210.0
43.0,1.0,0.0,0.0,0.0,0.0,351.0,74.0,194.0,6.0,1.0,0.0,44.0,426.0,359.0
331.0,1.0,1.0,0.0,1.0,0.0,75.0,0.0,20.0,6.0,1.0,0.0,73.0,252.0,186.0
188.0,1.0,1.0,0.0,0.0,0.0,29.0,32.0,34.0,6.0,1.0,1.0,88.0,433.0,366.0
416.0,1.0,0.0,0.0,1.0,0.0,219.0,0.0,20.0,6.0,1.0,0.0,73.0,486.0,418.0
282.0,1.0,0.0,0.0,0.0,0.0,91.0,223.0,79.0,6.0,1.0,1.0,131.0,453.0,385.0
242.0,1.0,1.0,0.0,0.0,0.0,286.0,0.0,102.0,6.0,1.0,1.0,154.0,17.0,502.0
458.0,1.0,1.0,0.0,0.0,1.0,501.0,0.0,110.0,1.0,1.0,1.0,2.0,149.0,88.0
198.0,1.0,0.0,0.0,0.0,0.0,532.0,127.0,81.0,6.0,1.0,1.0,133.0,530.0,461.0
273.0,1.0,1.0,1.0,0.0,0.0,184.0,231.0,111.0,6.0,1.0,1.0,162.0,514.0,446.0
200.0,1.0,1.0,0.0,1.0,1.0,94.0,0.0,200.0,6.0,1.0,2.0,49.0,282.0,216.0
301.0,1.0,1.0,2.0,0.0,0.0,240.0,0.0,88.0,6.0,1.0,1.0,140.0,513.0,445.0
380.0,1.0,1.0,0.0,0.0,0.0,158.0,119.0,114.0,6.0,1.0,1.0,165.0,7.0,492.0
42.0,0.0,0.0,0.0,0.0,0.0,446.0,194.0,162.0,6.0,1.0,2.0,16.0,151.0,90.0
393.0,1.0,0.0,0.0,0.0,0.0,367.0,50.0,36.0,6.0,1.0,1.0,90.0,310.0,244.0
488.0,1.0,0.0,0.0,0.0,0.0,15.0,134.0,55.0,8.0,1.0,2.0,108.0,528.0,459.0
438.0,1.0,1.0,1.0,0.0,1.0,349.0,0.0,175.0,4.0,0.0,0.0,26.0,77.0,22.0
83.0,1.0,0.0,0.0,0.0,0.0,113.0,0.0,30.0,6.0,0.0,0.0,84.0,313.0,247.0
190.0,1.0,1.0,0.0,0.0,0.0,79.0,132.0,113.0,6.0,1.0,1.0,164.0,6.0,491.0
411.0,1.0,1.0,2.0,0.0,0.0,192.0,144.0,88.0,6.0,1.0,2.0,140.0,22.0,507.0
115.0,1.0,1.0,0.0,0.0,0.0,359.0,5.0,47.0,6.0,1.0,2.0,82.0,242.0,177.0
53.0,1.0,0.0,0.0,1.0,0.0,376.0,0.0,138.0,6.0,1.0,2.0,5.0,42.0,14.0
312.0,1.0,1.0,0.0,1.0,0.0,469.0,204.0,199.0,6.0,1.0,0.0,48.0,164.0,102.0
46.0,1.0,0.0,0.0,0.0,1.0,209.0,0.0,72.0,2.0,1.0,1.0,124.0,471.0,403.0
483.0,1.0,1.0,0.0,0.0,0.0,159.0,0.0,113.0,6.0,1.0,2.0,164.0,390.0,323.0
237.0,1.0,1.0,2.0,0.0,0.0,510.0,187.0,47.0,6.0,1.0,2.0,82.0,261.0,195.0
274.0,1.0,1.0,2.0,0.0,0.0,460.0,235.0,48.0,6.0,1.0,2.0,101.0,351.0,284.0
470.0,1.0,1.0,2.0,0.0,0.0,39.0,199.0,16.0,6.0,1.0,1.0,69.0,388.0,321.0
321.0,0.0,0.0,0.0,0.0,0.0,419.0,188.0,189.0,6.0,1.0,2.0,39.0,232.0,167.0
404.0,1.0,0.0,0.0,0.0,0.0,206.0,0.0,47.0,6.0,1.0,2.0,82.0,463.0,395.0
287.0,0.0,0.0,0.0,0.0,0.0,250.0,0.0,20.0,6.0,1.0,1.0,73.0,121.0,61.0
486.0,1.0,1.0,2.0,0.0,0.0,166.0,126.0,20.0,6.0,1.0,0.0,73.0,16.0,501.0
297.0,1.0,0.0,2.0,0.0,0.0,519.0,0.0,10.0,6.0,0.0,0.0,63.0,163.0,101.0
108.0,1.0,0.0,0.0,0.0,0.0,254.0,107.0,130.0,6.0,1.0,0.0,179.0,36.0,521.0
293.0,1.0,0.0,1.0,1.0,0.0,420.0,164.0,198.0,6.0,1.0,1.0,47.0,205.0,142.0
379.0,1.0,1.0,1.0,0.0,0.0,12.0,0.0,16.0,6.0,1.0,1.0,69.0,183.0,121.0
218.0,1.0,1.0,0.0,0.0,1.0,236.0,105.0,60.0,6.0,1.0,1.0,113.0,422.0,355.0
305.0,1.0,1.0,0.0,1.0,0.0,264.0,203.0,175.0,6.0,1.0,0.0,26.0,148.0,87.0
176.0,1.0,0.0,0.0,0.0,0.0,179.0,157.0,153.0,6.0,1.0,2.0,12.0,117.0,57.0
333.0,1.0,1.0,3.0,0.0,0.0,482.0,48.0,23.0,6.0,0.0,0.0,76.0,403.0,336.0
300.0,0.0,0.0,0.0,1.0,1.0,331.0,0.0,25.0,6.0,1.0,2.0,78.0,62.0,546.0
457.0,0.0,0.0,0.0,0.0,0.0,445.0,0.0,186.0,6.0,1.0,2.0,36.0,131.0,71.0
153.0,1.0,1.0,0.0,0.0,0.0,404.0,10.0,20.0,6.0,1.0,2.0,73.0,283.0,217.0
40.0,1.0,1.0,2.0,0.0,0.0,361.0,46.0,185.0,2.0,1.0,2.0,35.0,135.0,75.0
117.0,1.0,1.0,0.0,1.0,0.0,61.0,194.0,0.0,7.0,0.0,2.0,53.0,275.0,209.0
156.0,1.0,1.0,0.0,0.0,0.0,109.0,177.0,199.0,6.0,1.0,2.0,48.0,253.0,187.0
11.0,1.0,0.0,0.0,0.0,1.0,321.0,0.0,85.0,6.0,0.0,2.0,137.0,53.0,537.0
465.0,1.0,1.0,0.0,0.0,0.0,11.0,206.0,31.0,6.0,1.0,1.0,85.0,369.0,302.0
139.0,1.0,0.0,0.0,0.0,0.0,180.0,0.0,41.0,6.0,1.0,2.0,95.0,408.0,341.0
14.0,1.0,0.0,0.0,1.0,0.0,182.0,0.0,15.0,6.0,0.0,0.0,68.0,410.0,343.0
340.0,1.0,1.0,0.0,0.0,0.0,265.0,21.0,36.0,6.0,0.0,1.0,90.0,348.0,281.0
313.0,1.0,1.0,0.0,0.0,0.0,429.0,226.0,55.0,6.0,1.0,0.0,108.0,286.0,220.0
191.0,0.0,0.0,1.0,0.0,1.0,249.0,0.0,50.0,6.0,1.0,1.0,103.0,526.0,457.0
409.0,1.0,1.0,2.0,1.0,0.0,62.0,83.0,33.0,2.0,1.0,2.0,87.0,497.0,429.0
475.0,1.0,1.0,0.0,1.0,1.0,102.0,0.0,38.0,6.0,1.0,2.0,92.0,292.0,226.0
208.0,1.0,1.0,2.0,0.0,0.0,468.0,198.0,50.0,6.0,0.0,0.0,103.0,326.0,260.0
325.0,0.0,1.0,0.0,0.0,0.0,52.0,29.0,77.0,6.0,1.0,1.0,129.0,445.0,377.0
345.0,1.0,1.0,1.0,0.0,0.0,60.0,71.0,70.0,9.0,1.0,0.0,122.0,485.0,417.0
461.0,1.0,1.0,3.0,1.0,1.0,153.0,0.0,30.0,6.0,1.0,0.0,84.0,384.0,317.0
118.0,1.0,1.0,3.0,0.0,0.0,127.0,78.0,88.0,6.0,1.0,1.0,140.0,521.0,452.0
323.0,1.0,1.0,3.0,0.0,0.0,346.0,0.0,178.0,4.0,1.0,2.0,203.0,336.0,11.0
407.0,1.0,1.0,0.0,1.0,0.0,53.0,0.0,15.0,2.0,1.0,1.0,68.0,219.0,155.0
50.0,1.0,1.0,2.0,0.0,0.0,324.0,184.0,34.0,6.0,1.0,2.0,88.0,285.0,219.0
463.0,1.0,1.0,3.0,1.0,0.0,21.0,35.0,0.0,6.0,1.0,1.0,53.0,303.0,237.0
376.0,1.0,1.0,3.0,0.0,0.0,97.0,0.0,203.0,6.0,1.0,2.0,52.0,118.0,58.0
166.0,1.0,1.0,0.0,1.0,0.0,348.0,39.0,15.0,6.0,1.0,2.0,68.0,263.0,197.0
265.0,1.0,1.0,2.0,0.0,0.0,106.0,131.0,92.0,6.0,1.0,1.0,144.0,13.0,498.0
238.0,1.0,1.0,0.0,0.0,0.0,167.0,0.0,44.0,6.0,1.0,2.0,98.0,398.0,331.0
77.0,1.0,0.0,1.0,0.0,1.0,93.0,0.0,6.0,6.0,1.0,0.0,59.0,280.0,214.0
451.0,1.0,1.0,1.0,1.0,0.0,406.0,48.0,196.0,6.0,1.0,1.0,45.0,331.0,265.0
469.0,1.0,0.0,0.0,0.0,0.0,111.0,0.0,2.0,6.0,1.0,1.0,55.0,309.0,243.0
41.0,1.0,1.0,2.0,1.0,0.0,56.0,124.0,10.0,6.0,1.0,2.0,63.0,346.0,279.0
303.0,1.0,1.0,0.0,0.0,0.0,188.0,104.0,135.0,6.0,1.0,2.0,184.0,1.0,486.0
478.0,1.0,1.0,1.0,0.0,0.0,390.0,4.0,4.0,6.0,1.0,1.0,57.0,259.0,193.0
248.0,1.0,0.0,0.0,0.0,0.0,378.0,0.0,183.0,6.0,1.0,2.0,33.0,89.0,31.0
136.0,1.0,0.0,0.0,0.0,0.0,163.0,0.0,179.0,7.0,1.0,2.0,29.0,119.0,59.0
45.0,0.0,0.0,0.0,0.0,0.0,46.0,0.0,15.0,6.0,1.0,1.0,68.0,214.0,150.0
178.0,1.0,1.0,0.0,0.0,0.0,318.0,56.0,12.0,6.0,1.0,0.0,65.0,189.0,126.0
151.0,1.0,1.0,3.0,0.0,0.0,262.0,0.0,120.0,6.0,1.0,0.0,170.0,543.0,474.0
259.0,1.0,1.0,1.0,0.0,1.0,438.0,0.0,199.0,6.0,1.0,1.0,48.0,104.0,44.0
2.0,1.0,0.0,0.0,0.0,0.0,313.0,0.0,106.0,6.0,0.0,1.0,158.0,46.0,530.0
377.0,1.0,1.0,0.0,1.0,1.0,407.0,93.0,64.0,2.0,0.0,0.0,117.0,412.0,345.0
230.0,1.0,1.0,1.0,1.0,0.0,416.0,179.0,13.0,2.0,0.0,0.0,66.0,216.0,152.0
334.0,1.0,1.0,1.0,0.0,1.0,283.0,103.0,60.0,2.0,0.0,2.0,113.0,41.0,526.0
358.0,1.0,0.0,0.0,0.0,0.0,50.0,0.0,193.0,6.0,0.0,1.0,43.0,114.0,54.0
283.0,1.0,1.0,2.0,1.0,0.0,350.0,201.0,151.0,6.0,1.0,1.0,10.0,202.0,139.0
378.0,0.0,0.0,0.0,0.0,0.0,51.0,0.0,16.0,6.0,0.0,1.0,69.0,218.0,154.0
112.0,1.0,1.0,2.0,0.0,0.0,358.0,153.0,68.0,1.0,1.0,2.0,1.0,86.0,28.0
168.0,1.0,1.0,1.0,0.0,0.0,180.0,0.0,60.0,6.0,1.0,0.0,113.0,408.0,341.0
164.0,1.0,0.0,0.0,0.0,0.0,527.0,0.0,186.0,6.0,1.0,2.0,36.0,166.0,104.0
252.0,1.0,0.0,0.0,1.0,0.0,8.0,0.0,10.0,6.0,1.0,0.0,63.0,178.0,116.0
137.0,1.0,1.0,2.0,0.0,0.0,137.0,0.0,30.0,6.0,1.0,2.0,84.0,355.0,288.0
439.0,1.0,1.0,0.0,0.0,0.0,371.0,14.0,166.0,6.0,1.0,0.0,19.0,257.0,191.0
464.0,1.0,1.0,0.0,0.0,0.0,0.0,209.0,35.0,6.0,1.0,0.0,89.0,68.0,17.0
299.0,0.0,0.0,0.0,0.0,0.0,58.0,0.0,12.0,6.0,1.0,1.0,65.0,224.0,159.0
94.0,1.0,1.0,2.0,0.0,1.0,395.0,120.0,73.0,6.0,1.0,0.0,125.0,477.0,409.0
54.0,1.0,1.0,3.0,0.0,0.0,74.0,160.0,10.0,6.0,1.0,2.0,63.0,380.0,313.0
8.0,0.0,0.0,2.0,0.0,0.0,496.0,0.0,38.0,6.0,1.0,2.0,92.0,146.0,85.0
219.0,1.0,1.0,3.0,0.0,0.0,232.0,0.0,28.0,2.0,1.0,2.0,81.0,503.0,435.0
214.0,1.0,1.0,2.0,0.0,0.0,23.0,0.0,200.0,6.0,1.0,1.0,49.0,197.0,134.0
371.0,1.0,1.0,1.0,0.0,0.0,241.0,159.0,112.0,6.0,1.0,2.0,163.0,519.0,450.0
28.0,0.0,0.0,1.0,0.0,0.0,433.0,184.0,196.0,6.0,1.0,2.0,45.0,251.0,185.0
452.0,1.0,0.0,2.0,0.0,0.0,114.0,0.0,65.0,6.0,0.0,1.0,118.0,314.0,248.0
212.0,1.0,1.0,0.0,0.0,0.0,238.0,0.0,120.0,6.0,1.0,2.0,170.0,509.0,441.0
160.0,1.0,0.0,0.0,1.0,0.0,426.0,0.0,173.0,4.0,1.0,0.0,25.0,100.0,40.0
234.0,1.0,1.0,2.0,0.0,0.0,204.0,202.0,101.0,4.0,1.0,1.0,153.0,522.0,453.0
414.0,1.0,1.0,1.0,0.0,0.0,138.0,101.0,0.0,6.0,1.0,2.0,53.0,211.0,147.0
149.0,1.0,1.0,0.0,0.0,0.0,142.0,0.0,25.0,6.0,1.0,0.0,78.0,364.0,297.0
1.0,1.0,1.0,1.0,0.0,0.0,79.0,180.0,28.0,6.0,1.0,0.0,81.0,414.0,347.0
336.0,1.0,1.0,0.0,0.0,0.0,120.0,175.0,64.0,6.0,0.0,2.0,117.0,451.0,383.0
389.0,0.0,0.0,0.0,0.0,0.0,20.0,0.0,11.0,6.0,1.0,1.0,64.0,194.0,131.0
455.0,0.0,0.0,0.0,1.0,0.0,73.0,0.0,20.0,6.0,1.0,1.0,73.0,250.0,184.0
102.0,1.0,0.0,3.0,0.0,0.0,302.0,71.0,134.0,6.0,1.0,0.0,183.0,49.0,533.0
271.0,1.0,1.0,0.0,0.0,1.0,386.0,72.0,82.0,6.0,1.0,2.0,134.0,366.0,299.0
186.0,1.0,1.0,2.0,0.0,0.0,174.0,0.0,33.0,6.0,1.0,1.0,87.0,404.0,337.0
211.0,1.0,0.0,0.0,0.0,1.0,210.0,0.0,189.0,6.0,1.0,1.0,39.0,476.0,408.0
123.0,1.0,0.0,0.0,0.0,0.0,395.0,0.0,200.0,7.0,1.0,1.0,49.0,92.0,33.0
398.0,1.0,1.0,2.0,0.0,0.0,191.0,133.0,82.0,2.0,1.0,1.0,134.0,31.0,516.0
96.0,0.0,0.0,0.0,0.0,0.0,49.0,0.0,179.0,6.0,1.0,1.0,29.0,217.0,153.0
330.0,1.0,1.0,2.0,0.0,0.0,255.0,0.0,114.0,6.0,0.0,2.0,165.0,532.0,463.0
103.0,1.0,1.0,0.0,0.0,0.0,393.0,45.0,60.0,6.0,1.0,1.0,113.0,322.0,256.0
487.0,1.0,1.0,1.0,1.0,0.0,397.0,228.0,40.0,2.0,1.0,2.0,94.0,254.0,188.0
424.0,1.0,0.0,0.0,0.0,0.0,6.0,62.0,14.0,6.0,1.0,0.0,67.0,281.0,215.0
73.0,1.0,1.0,1.0,1.0,0.0,481.0,190.0,11.0,2.0,1.0,2.0,64.0,324.0,258.0
147.0,1.0,1.0,0.0,1.0,0.0,72.0,75.0,47.0,6.0,0.0,2.0,82.0,420.0,353.0
33.0,1.0,1.0,0.0,0.0,0.0,408.0,22.0,50.0,6.0,1.0,1.0,103.0,304.0,238.0
257.0,0.0,1.0,0.0,0.0,0.0,79.0,0.0,12.0,6.0,1.0,0.0,65.0,265.0,199.0
370.0,1.0,1.0,0.0,0.0,0.0,440.0,226.0,8.0,6.0,1.0,0.0,61.0,337.0,270.0
243.0,1.0,1.0,2.0,0.0,0.0,244.0,0.0,109.0,6.0,1.0,1.0,161.0,520.0,451.0
360.0,1.0,1.0,2.0,0.0,0.0,160.0,0.0,85.0,6.0,1.0,2.0,137.0,394.0,327.0
267.0,1.0,1.0,0.0,1.0,0.0,17.0,178.0,24.0,4.0,1.0,1.0,77.0,348.0,281.0
489.0,1.0,1.0,2.0,0.0,1.0,191.0,163.0,8.0,6.0,1.0,0.0,61.0,496.0,428.0
332.0,1.0,0.0,0.0,0.0,0.0,465.0,0.0,177.0,6.0,1.0,2.0,28.0,138.0,78.0
328.0,1.0,1.0,0.0,0.0,0.0,173.0,4.0,95.0,6.0,1.0,0.0,147.0,511.0,443.0
440.0,1.0,1.0,0.0,0.0,0.0,259.0,0.0,82.0,2.0,1.0,0.0,134.0,539.0,470.0
233.0,1.0,1.0,2.0,0.0,1.0,322.0,90.0,50.0,6.0,1.0,0.0,103.0,61.0,545.0
272.0,1.0,0.0,0.0,1.0,0.0,526.0,162.0,0.0,6.0,1.0,0.0,53.0,307.0,241.0
361.0,1.0,1.0,1.0,0.0,0.0,242.0,23.0,75.0,6.0,1.0,2.0,127.0,8.0,493.0
232.0,1.0,0.0,2.0,0.0,0.0,146.0,121.0,62.0,6.0,1.0,0.0,115.0,5.0,490.0
326.0,1.0,1.0,2.0,1.0,0.0,3.0,170.0,8.0,6.0,1.0,1.0,61.0,201.0,138.0
9.0,1.0,0.0,0.0,1.0,1.0,404.0,17.0,4.0,6.0,1.0,0.0,57.0,295.0,229.0
468.0,1.0,1.0,1.0,0.0,0.0,177.0,132.0,133.0,6.0,1.0,2.0,182.0,27.0,512.0
71.0,1.0,1.0,2.0,0.0,1.0,159.0,0.0,44.0,9.0,1.0,0.0,98.0,390.0,323.0
217.0,1.0,1.0,0.0,0.0,0.0,245.0,0.0,60.0,6.0,1.0,1.0,113.0,521.0,452.0
201.0,1.0,1.0,0.0,1.0,0.0,19.0,135.0,202.0,6.0,1.0,1.0,51.0,106.0,46.0
36.0,1.0,1.0,0.0,0.0,0.0,35.0,84.0,91.0,6.0,1.0,1.0,143.0,484.0,416.0
442.0,1.0,0.0,0.0,0.0,0.0,301.0,0.0,63.0,6.0,1.0,1.0,116.0,32.0,517.0
144.0,1.0,0.0,1.0,0.0,0.0,533.0,0.0,13.0,2.0,1.0,2.0,66.0,175.0,113.0
173.0,1.0,1.0,0.0,1.0,0.0,357.0,233.0,10.0,6.0,1.0,0.0,63.0,231.0,166.0
251.0,1.0,1.0,1.0,1.0,0.0,136.0,155.0,80.0,6.0,1.0,2.0,132.0,443.0,375.0
99.0,1.0,1.0,3.0,1.0,0.0,413.0,0.0,182.0,6.0,1.0,1.0,32.0,128.0,68.0
66.0,1.0,0.0,0.0,0.0,0.0,337.0,0.0,155.0,6.0,1.0,0.0,195.0,72.0,551.0
447.0,1.0,0.0,0.0,0.0,1.0,336.0,0.0,174.0,7.0,1.0,2.0,202.0,71.0,550.0
408.0,1.0,1.0,0.0,0.0,0.0,37.0,95.0,31.0,6.0,1.0,1.0,85.0,349.0,282.0
130.0,1.0,1.0,2.0,0.0,1.0,258.0,143.0,144.0,4.0,1.0,0.0,191.0,58.0,542.0
394.0,1.0,1.0,0.0,0.0,0.0,395.0,11.0,4.0,6.0,1.0,1.0,57.0,271.0,205.0
216.0,1.0,0.0,2.0,0.0,0.0,68.0,0.0,36.0,6.0,1.0,0.0,90.0,244.0,179.0
86.0,1.0,0.0,1.0,0.0,0.0,70.0,208.0,17.0,6.0,1.0,2.0,70.0,423.0,356.0
462.0,1.0,1.0,0.0,0.0,0.0,413.0,73.0,37.0,6.0,1.0,2.0,91.0,424.0,357.0
225.0,1.0,1.0,3.0,1.0,0.0,510.0,193.0,177.0,2.0,0.0,2.0,28.0,269.0,203.0
429.0,0.0,0.0,0.0,0.0,0.0,51.0,0.0,150.0,6.0,1.0,1.0,9.0,218.0,154.0
456.0,1.0,1.0,0.0,1.0,0.0,228.0,0.0,4.0,6.0,0.0,2.0,57.0,499.0,431.0
384.0,1.0,1.0,2.0,1.0,1.0,31.0,221.0,201.0,6.0,1.0,1.0,50.0,183.0,121.0
415.0,1.0,1.0,2.0,0.0,0.0,294.0,154.0,99.0,6.0,1.0,2.0,151.0,34.0,519.0
30.0,0.0,0.0,0.0,0.0,0.0,444.0,0.0,127.0,6.0,1.0,2.0,4.0,130.0,70.0
195.0,0.0,1.0,0.0,0.0,0.0,276.0,0.0,47.0,3.0,1.0,1.0,82.0,2.0,487.0
410.0,1.0,1.0,0.0,0.0,0.0,307.0,0.0,47.0,6.0,1.0,2.0,82.0,39.0,524.0
